time,x,y,z
0,0.000754,0.00022000000000000003,0.000154
0.01,0.002262,0.0006600000000000001,0.000462
0.02,0.004524,0.0013200000000000004,0.0009240000000000001
0.03,0.007540000000000001,0.002200000000000001,0.0015400000000000004
0.04,0.01131,0.0033000000000000017,0.002310000000000001
0.05,0.015834,0.004620000000000003,0.003234000000000001
0.06,0.021112000000000002,0.006160000000000003,0.004312000000000002
0.07,0.027144000000000005,0.007920000000000003,0.005544000000000002
0.08,0.03393000000000001,0.009900000000000004,0.006930000000000002
0.09,0.041470000000000014,0.012100000000000005,0.008470000000000002
0.1,0.04976400000000002,0.014520000000000005,0.010164000000000001
0.11,0.05881200000000002,0.017160000000000005,0.012012
0.12,0.06861400000000002,0.020020000000000007,0.014013999999999999
0.13,0.07917000000000003,0.02310000000000001,0.016169999999999997
0.14,0.09048000000000005,0.026400000000000014,0.018479999999999996
0.15,0.10254400000000007,0.02992000000000002,0.020943999999999997
0.16,0.11536200000000009,0.03366000000000002,0.023562
0.17,0.12893400000000013,0.03762000000000003,0.026334000000000003
0.18,0.1432600000000002,0.04180000000000003,0.029260000000000008
0.19,0.15834000000000026,0.04620000000000003,0.032340000000000015
0.2,0.17417400000000033,0.05082000000000003,0.03557400000000002
0.21,0.1907620000000004,0.05566000000000003,0.03896200000000003
0.22,0.20810400000000048,0.060720000000000024,0.04250400000000004
0.23,0.22620000000000057,0.06600000000000002,0.046200000000000054
0.24,0.24505000000000066,0.07150000000000001,0.05005000000000007
0.25,0.2646540000000007,0.07722,0.05405400000000008
0.26,0.28501200000000076,0.08315999999999998,0.0582120000000001
0.27,0.3061240000000008,0.08931999999999997,0.06252400000000011
0.28,0.3279900000000008,0.09569999999999995,0.06699000000000012
0.29,0.35061000000000075,0.10229999999999993,0.07161000000000013
0.3,0.3739840000000007,0.10911999999999991,0.07638400000000015
0.31,0.39811200000000063,0.11615999999999989,0.08131200000000016
0.32,0.42299400000000054,0.12341999999999986,0.08639400000000018
0.33,0.4486300000000004,0.13089999999999985,0.0916300000000002
0.34,0.4750200000000003,0.13859999999999983,0.09702000000000022
0.35000000000000003,0.5021640000000002,0.14651999999999982,0.10256400000000024
0.36,0.5300620000000001,0.1546599999999998,0.10826200000000026
0.37,0.5587140000000002,0.16301999999999978,0.11411400000000028
0.38,0.5881200000000002,0.17159999999999975,0.12012000000000031
0.39,0.6182800000000003,0.18039999999999973,0.12628000000000034
0.4,0.6491940000000004,0.1894199999999997,0.13259400000000035
0.41000000000000003,0.6808620000000005,0.19865999999999967,0.13906200000000035
0.42,0.7132840000000007,0.20811999999999964,0.14568400000000034
0.43,0.7464600000000009,0.2177999999999996,0.15246000000000032
0.44,0.7803900000000011,0.22769999999999957,0.15939000000000028
0.45,0.8150740000000014,0.23781999999999953,0.16647400000000023
0.46,0.8505120000000017,0.2481599999999995,0.17371200000000017
0.47000000000000003,0.886704000000002,0.25871999999999945,0.1811040000000001
0.48,0.9236500000000024,0.2694999999999994,0.18865
0.49,0.9613500000000028,0.28049999999999936,0.1963499999999999
0.5,0.9998040000000032,0.2917199999999993,0.2042039999999998
0.51,1.0390120000000036,0.30315999999999926,0.21221199999999968
0.52,1.0789740000000039,0.3148199999999992,0.22037399999999954
0.53,1.119690000000004,0.32669999999999916,0.2286899999999994
0.54,1.1611600000000042,0.3387999999999991,0.23715999999999923
0.55,1.2033840000000042,0.35111999999999904,0.24578399999999906
0.56,1.2463620000000042,0.363659999999999,0.25456199999999884
0.5700000000000001,1.290094000000004,0.3764199999999989,0.2634939999999986
0.58,1.3345800000000039,0.38939999999999886,0.2725799999999984
0.59,1.3798200000000036,0.4025999999999988,0.2818199999999981
0.6,1.4258140000000032,0.4160199999999987,0.29121399999999786
0.61,1.4725620000000028,0.42965999999999865,0.3007619999999976
0.62,1.5200640000000023,0.4435199999999986,0.3104639999999973
0.63,1.5683200000000017,0.4575999999999985,0.320319999999997
0.64,1.617330000000001,0.47189999999999843,0.3303299999999967
0.65,1.6670940000000003,0.48641999999999835,0.34049399999999636
0.66,1.7176119999999995,0.5011599999999983,0.350811999999996
0.67,1.7688839999999986,0.5161199999999982,0.36128399999999566
0.68,1.8209099999999976,0.5312999999999982,0.3719099999999953
0.6900000000000001,1.8736899999999965,0.5466999999999982,0.3826899999999949
0.7000000000000001,1.9272239999999954,0.5623199999999982,0.39362399999999453
0.71,1.9815119999999942,0.5781599999999981,0.40471199999999413
0.72,2.036553999999993,0.5942199999999981,0.4159539999999937
0.73,2.092349999999992,0.610499999999998,0.4273499999999933
0.74,2.1488999999999914,0.626999999999998,0.43889999999999285
0.75,2.2062039999999907,0.643719999999998,0.4506039999999924
0.76,2.2642619999999902,0.6606599999999979,0.46246199999999194
0.77,2.32307399999999,0.6778199999999979,0.47447399999999146
0.78,2.3826399999999897,0.6951999999999978,0.48663999999999097
0.79,2.4429599999999896,0.7127999999999978,0.49895999999999047
0.8,2.5040339999999897,0.7306199999999977,0.51143399999999
0.81,2.56586199999999,0.7486599999999977,0.5240619999999894
0.8200000000000001,2.6284439999999902,0.7669199999999976,0.5368439999999888
0.8300000000000001,2.6917799999999907,0.7853999999999975,0.5497799999999882
0.84,2.7558699999999914,0.8040999999999975,0.5628699999999875
0.85,2.820713999999992,0.8230199999999974,0.5761139999999869
0.86,2.886311999999993,0.8421599999999974,0.5895119999999863
0.87,2.952663999999994,0.8615199999999973,0.6030639999999856
0.88,3.0197699999999954,0.8810999999999972,0.6167699999999849
0.89,3.0876299999999968,0.9008999999999971,0.6306299999999843
0.9,3.1562439999999983,0.9209199999999971,0.6446439999999836
0.91,3.225612,0.941159999999997,0.6588119999999829
0.92,3.2957340000000017,0.9616199999999969,0.6731339999999821
0.93,3.3666100000000037,0.9822999999999968,0.6876099999999814
0.9400000000000001,3.4382400000000057,1.003199999999997,0.7022399999999807
0.9500000000000001,3.510624000000008,1.0243199999999972,0.7170239999999799
0.96,3.5837620000000103,1.0456599999999976,0.7319619999999791
0.97,3.657654000000013,1.067219999999998,0.7470539999999783
0.98,3.7323000000000155,1.0889999999999986,0.7622999999999776
0.99,3.8077000000000183,1.1109999999999993,0.7776999999999767
1,3.8838540000000212,1.1332200000000001,0.7932539999999759
1.01,3.9607620000000243,1.155660000000001,0.8089619999999751
1.02,4.038424000000027,1.178320000000002,0.8248239999999742
1.03,4.116840000000029,1.2012000000000032,0.8408399999999734
1.04,4.196010000000031,1.2243000000000044,0.8570099999999725
1.05,4.275934000000033,1.2476200000000057,0.8733339999999716
1.06,4.356612000000035,1.2711600000000072,0.8898119999999707
1.07,4.438044000000036,1.2949200000000087,0.9064439999999698
1.08,4.520230000000037,1.3189000000000104,0.9232299999999689
1.09,4.603170000000038,1.3431000000000122,0.940169999999968
1.1,4.686864000000038,1.367520000000014,0.957263999999967
1.11,4.771312000000038,1.392160000000016,0.9745119999999661
1.12,4.856514000000038,1.4170200000000182,0.9919139999999651
1.1300000000000001,4.9424700000000374,1.4421000000000204,1.0094699999999641
1.1400000000000001,5.029180000000037,1.4674000000000227,1.0271799999999631
1.1500000000000001,5.1166440000000355,1.4929200000000251,1.0450439999999621
1.16,5.204862000000034,1.5186600000000277,1.063061999999961
1.17,5.293834000000032,1.5446200000000303,1.08123399999996
1.18,5.38356000000003,1.570800000000033,1.099559999999959
1.19,5.474040000000028,1.597200000000036,1.118039999999958
1.2,5.565274000000025,1.623820000000039,1.1366739999999569
1.21,5.657262000000022,1.650660000000042,1.1554619999999558
1.22,5.750004000000019,1.6777200000000452,1.1744039999999547
1.23,5.843500000000016,1.7050000000000485,1.1934999999999536
1.24,5.937750000000012,1.7325000000000519,1.2127499999999525
1.25,6.032754000000008,1.7602200000000554,1.2321539999999513
1.26,6.128512000000003,1.788160000000059,1.2517119999999502
1.27,6.225023999999999,1.8163200000000628,1.271423999999949
1.28,6.3222899999999935,1.8447000000000666,1.2912899999999479
1.29,6.420309999999988,1.8733000000000706,1.3113099999999467
1.3,6.519083999999983,1.9021200000000746,1.3314839999999455
1.31,6.618611999999977,1.9311600000000788,1.3518119999999443
1.32,6.71889399999997,1.960420000000083,1.372293999999943
1.33,6.819929999999964,1.9899000000000875,1.3929299999999418
1.34,6.921719999999957,2.019600000000092,1.4137199999999406
1.35,7.02426399999995,2.0495200000000966,1.4346639999999393
1.36,7.127561999999942,2.0796600000001013,1.455761999999938
1.37,7.231613999999935,2.110020000000106,1.4770139999999368
1.3800000000000001,7.336419999999927,2.140600000000111,1.4984199999999355
1.3900000000000001,7.441979999999918,2.171400000000116,1.5199799999999342
1.4000000000000001,7.54829399999991,2.2024200000001213,1.5416939999999328
1.41,7.655361999999901,2.2336600000001265,1.5635619999999315
1.42,7.7631839999998915,2.265120000000132,1.5855839999999302
1.43,7.871759999999882,2.2968000000001374,1.6077599999999288
1.44,7.981089999999872,2.328700000000143,1.6300899999999274
1.45,8.091173999999864,2.3608200000001487,1.652573999999926
1.46,8.202011999999856,2.3931600000001545,1.6752119999999247
1.47,8.313603999999849,2.4257200000001604,1.6980039999999232
1.48,8.425949999999842,2.4585000000001664,1.7209499999999218
1.49,8.539049999999836,2.4915000000001726,1.7440499999999204
1.5,8.65290399999983,2.524720000000179,1.767303999999919
1.51,8.767511999999826,2.558160000000185,1.7907119999999175
1.52,8.882873999999822,2.5918200000001916,1.814273999999916
1.53,8.998989999999818,2.625700000000198,1.8379899999999145
1.54,9.115859999999815,2.659800000000205,1.861859999999913
1.55,9.233483999999812,2.6941200000002117,1.8858839999999115
1.56,9.35186199999981,2.7286600000002186,1.91006199999991
1.57,9.47099399999981,2.7634200000002256,1.9343939999999085
1.58,9.590879999999808,2.7984000000002327,1.958879999999907
1.59,9.711519999999808,2.83360000000024,1.9835199999999054
1.6,9.832913999999809,2.8690200000002473,2.008313999999904
1.61,9.95506199999981,2.9046600000002547,2.033261999999903
1.62,10.077963999999811,2.9405200000002623,2.058363999999902
1.6300000000000001,10.201619999999814,2.97660000000027,2.083619999999901
1.6400000000000001,10.326029999999816,3.0129000000002777,2.1090299999999007
1.6500000000000001,10.45119399999982,3.0494200000002856,2.1345939999999004
1.6600000000000001,10.577111999999824,3.0861600000002936,2.1603119999999003
1.67,10.703783999999828,3.1231200000003017,2.1861839999999004
1.68,10.831209999999833,3.16030000000031,2.2122099999999008
1.69,10.95938999999984,3.197700000000318,2.2383899999999013
1.7,11.088323999999846,3.2353200000003266,2.264723999999902
1.71,11.218011999999852,3.273160000000335,2.291211999999903
1.72,11.34845399999986,3.3112200000003438,2.317853999999904
1.73,11.479649999999868,3.3495000000003525,2.3446499999999055
1.74,11.611599999999877,3.3880000000003614,2.371599999999907
1.75,11.744303999999886,3.4267200000003704,2.398703999999909
1.76,11.877761999999896,3.4656600000003794,2.425961999999911
1.77,12.011973999999906,3.5048200000003886,2.453373999999913
1.78,12.146939999999917,3.544200000000398,2.4809399999999155
1.79,12.282659999999929,3.5838000000004073,2.508659999999918
1.8,12.419133999999941,3.623620000000417,2.536533999999921
1.81,12.556361999999954,3.6636600000004265,2.564561999999924
1.82,12.694343999999967,3.703920000000436,2.5927439999999273
1.83,12.833079999999981,3.744400000000446,2.621079999999931
1.84,12.972569999999996,3.785100000000456,2.6495699999999345
1.85,13.11281400000001,3.826020000000466,2.6782139999999384
1.86,13.253812000000027,3.867160000000476,2.7070119999999425
1.87,13.395564000000043,3.9085200000004865,2.7359639999999468
1.8800000000000001,13.53807000000006,3.950100000000497,2.7650699999999513
1.8900000000000001,13.681330000000077,3.9919000000005074,2.794329999999956
1.9000000000000001,13.825344000000095,4.033920000000518,2.823743999999961
1.9100000000000001,13.970112000000114,4.076160000000528,2.853311999999966
1.92,14.115634000000133,4.118620000000538,2.8830339999999715
1.93,14.261910000000153,4.161300000000548,2.912909999999977
1.94,14.408940000000173,4.204200000000557,2.942939999999983
1.95,14.556724000000195,4.247320000000566,2.9731239999999888
1.96,14.705262000000216,4.290660000000575,3.003461999999995
1.97,14.854554000000238,4.334220000000583,3.0339540000000014
1.98,15.004600000000261,4.378000000000591,3.064600000000008
1.99,15.155400000000284,4.422000000000598,3.095400000000015
2,15.306954000000308,4.466220000000606,3.126354000000022
2.0100000000000002,15.459262000000333,4.5106600000006125,3.157462000000029
2.02,15.612324000000358,4.555320000000619,3.1887240000000365
2.0300000000000002,15.766140000000384,4.600200000000625,3.220140000000044
2.04,15.92071000000041,4.645300000000631,3.251710000000052
2.05,16.076034000000437,4.690620000000637,3.28343400000006
2.06,16.232112000000463,4.736160000000642,3.3153120000000684
2.07,16.38894400000049,4.781920000000647,3.347344000000077
2.08,16.546530000000516,4.827900000000652,3.3795300000000856
2.09,16.704870000000543,4.874100000000656,3.4118700000000945
2.1,16.86396400000057,4.92052000000066,3.4443640000001037
2.11,17.0238120000006,4.967160000000663,3.477012000000113
2.12,17.18441400000063,5.0140200000006665,3.5098140000001226
2.13,17.34577000000066,5.061100000000669,3.5427700000001323
2.14,17.50788000000069,5.108400000000672,3.5758800000001423
2.15,17.67074400000072,5.155920000000674,3.6091440000001525
2.16,17.834362000000752,5.203660000000676,3.642562000000163
2.17,17.998734000000784,5.251620000000678,3.6761340000001734
2.18,18.163860000000817,5.299800000000679,3.7098600000001842
2.19,18.32974000000085,5.34820000000068,3.7437400000001952
2.2,18.496374000000884,5.39682000000068,3.7777740000002065
2.21,18.66376200000092,5.4456600000006805,3.811962000000218
2.22,18.831904000000954,5.49472000000068,3.8463040000002295
2.23,19.00080000000099,5.54400000000068,3.8808000000002414
2.24,19.170450000001026,5.593500000000679,3.9154500000002534
2.25,19.340854000001062,5.643220000000678,3.9502540000002657
2.2600000000000002,19.5120120000011,5.693160000000677,3.985212000000278
2.27,19.683924000001138,5.743320000000675,4.020324000000291
2.2800000000000002,19.856590000001177,5.793700000000673,4.055590000000304
2.29,20.030010000001216,5.84430000000067,4.091010000000318
2.3000000000000003,20.204184000001256,5.895120000000667,4.1265840000003315
2.31,20.379112000001296,5.946160000000664,4.1623120000003455
2.32,20.554794000001337,5.997420000000661,4.19819400000036
2.33,20.73123000000138,6.048900000000657,4.234230000000374
2.34,20.90842000000142,6.100600000000653,4.270420000000389
2.35,21.086364000001463,6.152520000000648,4.3067640000004035
2.36,21.265062000001507,6.2046600000006435,4.3432620000004185
2.37,21.44451400000155,6.257020000000638,4.379914000000434
2.38,21.624720000001595,6.309600000000633,4.416720000000449
2.39,21.80568000000164,6.362400000000627,4.453680000000465
2.4,21.987394000001686,6.415420000000621,4.490794000000481
2.41,22.169862000001732,6.4686600000006145,4.528062000000497
2.42,22.35308400000178,6.522120000000608,4.565484000000513
2.43,22.537060000001826,6.5758000000006005,4.6030600000005295
2.44,22.721790000001874,6.629700000000593,4.640790000000546
2.45,22.907274000001923,6.683820000000585,4.678674000000563
2.46,23.093512000001972,6.738160000000577,4.71671200000058
2.47,23.280504000002022,6.7927200000005685,4.7549040000005975
2.48,23.468250000002072,6.84750000000056,4.793250000000615
2.49,23.656750000002123,6.9025000000005505,4.831750000000633
2.5,23.846004000002175,6.957720000000541,4.870404000000651
2.5100000000000002,24.036012000002227,7.013160000000531,4.909212000000669
2.52,24.22677400000228,7.068820000000521,4.948174000000687
2.5300000000000002,24.418290000002333,7.1247000000005105,4.987290000000706
2.54,24.610560000002387,7.1808000000005,5.026560000000725
2.5500000000000003,24.80358400000244,7.2371200000004885,5.065984000000744
2.56,24.997362000002497,7.293660000000477,5.105562000000763
2.57,25.191894000002552,7.350420000000465,5.145294000000782
2.58,25.38718000000261,7.407400000000453,5.185180000000802
2.59,25.583220000002665,7.46460000000044,5.225220000000822
2.6,25.780014000002723,7.522020000000428,5.265414000000842
2.61,25.97756200000278,7.579660000000414,5.305762000000862
2.62,26.17586400000284,7.637520000000401,5.3462640000008825
2.63,26.3749200000029,7.695600000000387,5.386920000000903
2.64,26.57473000000296,7.753900000000373,5.427730000000924
2.65,26.77529400000302,7.812420000000358,5.468694000000945
2.66,26.97661200000308,7.871160000000343,5.5098120000009665
2.67,27.17868400000314,7.930120000000328,5.551084000000988
2.68,27.381510000003203,7.989300000000313,5.59251000000101
2.69,27.585090000003266,8.048700000000297,5.634090000001032
2.7,27.78942400000333,8.108320000000282,5.675824000001054
2.71,27.994512000003393,8.168160000000267,5.717712000001076
2.72,28.200354000003458,8.228220000000253,5.759754000001099
2.73,28.406950000003523,8.288500000000239,5.8019500000011215
2.74,28.61430000000359,8.349000000000226,5.8443000000011445
2.75,28.822404000003655,8.409720000000213,5.886804000001168
2.7600000000000002,29.03126200000372,8.470660000000201,5.929462000001191
2.77,29.24087400000379,8.53182000000019,5.972274000001215
2.7800000000000002,29.451240000003857,8.593200000000179,6.0152400000012385
2.79,29.662360000003925,8.654800000000169,6.0583600000012625
2.8000000000000003,29.874234000003995,8.716620000000159,6.101634000001287
2.81,30.086862000004064,8.77866000000015,6.145062000001311
2.82,30.300244000004135,8.84092000000014,6.188644000001336
2.83,30.514380000004206,8.903400000000133,6.232380000001361
2.84,30.729270000004277,8.966100000000125,6.276270000001386
2.85,30.94491400000435,9.029020000000118,6.320314000001411
2.86,31.161312000004422,9.092160000000112,6.364512000001437
2.87,31.378464000004495,9.155520000000106,6.408864000001462
2.88,31.59637000000457,9.2191000000001,6.453370000001488
2.89,31.815030000004644,9.282900000000096,6.498030000001514
2.9,32.03444400000472,9.346920000000091,6.542844000001541
2.91,32.2546120000048,9.411160000000088,6.587812000001567
2.92,32.47553400000488,9.475620000000085,6.632934000001594
2.93,32.69721000000496,9.540300000000082,6.678210000001621
2.94,32.91964000000504,9.60520000000008,6.723640000001648
2.95,33.14282400000512,9.670320000000078,6.7692240000016755
2.96,33.3667620000052,9.735660000000077,6.814962000001703
2.97,33.591454000005285,9.801220000000077,6.860854000001731
2.98,33.81690000000537,9.867000000000077,6.906900000001759
2.99,34.04310000000545,9.933000000000078,6.953100000001787
3,34.27005400000554,9.99922000000008,6.9994540000018155
3.0100000000000002,34.49776200000562,10.065660000000081,7.045962000001844
3.02,34.72622400000571,10.132320000000083,7.092624000001873
3.0300000000000002,34.955440000005794,10.199200000000086,7.139440000001902
3.04,35.18541000000588,10.26630000000009,7.186410000001931
3.0500000000000003,35.41613400000597,10.333620000000094,7.233534000001961
3.06,35.647612000006056,10.401160000000099,7.2808120000019905
3.0700000000000003,35.879844000006145,10.468920000000104,7.32824400000202
3.08,36.112830000006234,10.53690000000011,7.3758300000020505
3.09,36.346570000006324,10.605100000000116,7.423570000002081
3.1,36.581064000006414,10.673520000000122,7.471464000002111
3.11,36.816312000006505,10.74216000000013,7.519512000002142
3.12,37.0523140000066,10.811020000000138,7.567714000002173
3.13,37.28907000000669,10.880100000000146,7.616070000002204
3.14,37.52658000000678,10.949400000000155,7.6645800000022355
3.15,37.764844000006875,11.018920000000165,7.713244000002267
3.16,38.00386200000697,11.088660000000175,7.762062000002299
3.17,38.24363400000706,11.158620000000186,7.811034000002331
3.18,38.48416000000716,11.228800000000197,7.860160000002363
3.19,38.725440000007254,11.299200000000209,7.909440000002395
3.2,38.96747400000735,11.369820000000221,7.958874000002428
3.21,39.21026200000745,11.440660000000234,8.008462000002462
3.22,39.453804000007544,11.511720000000247,8.058204000002496
3.23,39.69810000000764,11.583000000000261,8.10810000000253
3.24,39.94315000000774,11.654500000000276,8.158150000002564
3.25,40.18895400000784,11.726220000000291,8.208354000002599
3.2600000000000002,40.43551200000794,11.798160000000307,8.258712000002634
3.27,40.68282400000804,11.870320000000323,8.309224000002668
3.2800000000000002,40.93089000000814,11.94270000000034,8.359890000002704
3.29,41.17971000000824,12.015300000000357,8.410710000002739
3.3000000000000003,41.429284000008344,12.088120000000375,8.461684000002775
3.31,41.67961200000845,12.161160000000393,8.51281200000281
3.3200000000000003,41.93069400000855,12.234420000000412,8.564094000002846
3.33,42.182530000008654,12.307900000000432,8.615530000002883
3.34,42.43512000000876,12.381600000000452,8.66712000000292
3.35,42.688464000008864,12.455520000000472,8.718864000002956
3.36,42.94256200000897,12.529660000000494,8.770762000002993
3.37,43.197414000009076,12.604020000000515,8.82281400000303
3.38,43.45302000000918,12.678600000000538,8.875020000003067
3.39,43.70938000000929,12.75340000000056,8.927380000003104
3.4,43.9664940000094,12.828420000000584,8.979894000003142
3.41,44.224362000009506,12.903660000000608,9.03256200000318
3.42,44.482984000009615,12.979120000000632,9.085384000003218
3.43,44.742360000009725,13.054800000000657,9.138360000003257
3.44,45.002490000009836,13.130700000000683,9.191490000003295
3.45,45.26337400000995,13.20682000000071,9.244774000003334
3.46,45.52501200001006,13.283160000000736,9.298212000003373
3.47,45.78740400001017,13.359720000000763,9.351804000003412
3.48,46.05055000001028,13.436500000000791,9.405550000003451
3.49,46.314450000010396,13.51350000000082,9.459450000003491
3.5,46.57910400001051,13.590720000000848,9.51350400000353
3.5100000000000002,46.844512000010624,13.668160000000878,9.56771200000357
3.52,47.11067400001074,13.745820000000908,9.622074000003611
3.5300000000000002,47.377590000010855,13.823700000000938,9.676590000003651
3.54,47.64526000001097,13.90180000000097,9.731260000003692
3.5500000000000003,47.91368400001109,13.980120000001001,9.786084000003733
3.56,48.182862000011205,14.058660000001034,9.841062000003774
3.5700000000000003,48.45279400001132,14.137420000001066,9.896194000003815
3.58,48.72348000001144,14.2164000000011,9.951480000003857
3.59,48.99492000001156,14.295600000001134,10.006920000003898
3.6,49.26711400001168,14.375020000001168,10.06251400000394
3.61,49.5400620000118,14.454660000001203,10.118262000003982
3.62,49.81376400001192,14.534520000001239,10.174164000004025
3.63,50.08822000001204,14.614600000001275,10.230220000004067
3.64,50.363430000012166,14.694900000001311,10.28643000000411
3.65,50.63939400001229,14.775420000001349,10.342794000004153
3.66,50.91611200001241,14.856160000001386,10.399312000004196
3.67,51.193584000012535,14.937120000001425,10.45598400000424
3.68,51.47181000001266,15.018300000001464,10.512810000004283
3.69,51.750790000012785,15.099700000001503,10.569790000004327
3.7,52.03052400001291,15.181320000001543,10.62692400000437
3.71,52.31101200001304,15.263160000001584,10.684212000004415
3.72,52.59225400001316,15.345220000001625,10.74165400000446
3.73,52.87425000001329,15.427500000001666,10.799250000004504
3.74,53.15700000001342,15.510000000001709,10.857000000004549
3.75,53.44050400001355,15.592720000001751,10.914904000004594
3.7600000000000002,53.724762000013676,15.675660000001795,10.972962000004639
3.77,54.009774000013806,15.758820000001839,11.031174000004684
3.7800000000000002,54.295540000013936,15.842200000001883,11.08954000000473
3.79,54.58206000001407,15.925800000001928,11.148060000004776
3.8000000000000003,54.8693340000142,16.009620000001973,11.206734000004822
3.81,55.15736200001433,16.093660000002018,11.265562000004868
3.8200000000000003,55.44614400001446,16.17792000000206,11.324544000004915
3.83,55.7356800000146,16.262400000002103,11.383680000004961
3.84,56.02597000001473,16.347100000002143,11.442970000005008
3.85,56.317014000014865,16.432020000002183,11.502414000005055
3.86,56.608812000015,16.51716000000222,11.562012000005103
3.87,56.901364000015136,16.602520000002258,11.62176400000515
3.88,57.19467000001527,16.688100000002294,11.681670000005198
3.89,57.48873000001541,16.773900000002328,11.741730000005246
3.9,57.783544000015546,16.85992000000236,11.801944000005294
3.91,58.079112000015684,16.946160000002394,11.862312000005343
3.92,58.37543400001582,17.032620000002424,11.922834000005391
3.93,58.67251000001596,17.119300000002454,11.98351000000544
3.94,58.9703400000161,17.206200000002482,12.044340000005489
3.95,59.26892400001624,17.29332000000251,12.105324000005538
3.96,59.56826200001638,17.380660000002536,12.166462000005588
3.97,59.868354000016524,17.46822000000256,12.227754000005637
3.98,60.169200000016666,17.556000000002584,12.289200000005687
3.99,60.47080000001681,17.644000000002606,12.350800000005737
4,60.77315400001695,17.732220000002627,12.412554000005787
4.01,61.076262000017095,17.820660000002647,12.474462000005838
4.0200000000000005,61.38012400001724,17.909320000002666,12.536524000005889
4.03,61.684740000017385,17.998200000002683,12.59874000000594
4.04,61.99011000001753,18.0873000000027,12.66111000000599
4.05,62.29623400001768,18.176620000002714,12.723634000006042
4.0600000000000005,62.60311200001782,18.266160000002728,12.786312000006093
4.07,62.91074400001797,18.35592000000274,12.849144000006145
4.08,63.21913000001812,18.44590000000275,12.912130000006197
4.09,63.52827000001827,18.53610000000276,12.97527000000625
4.1,63.838164000018416,18.62652000000277,13.038564000006302
4.11,64.14881200001857,18.717160000002778,13.102012000006354
4.12,64.46021400001871,18.808020000002784,13.165614000006407
4.13,64.77237000001885,18.89910000000279,13.22937000000646
4.14,65.085280000019,18.990400000002793,13.293280000006513
4.15,65.39894400001914,19.081920000002796,13.357344000006567
4.16,65.71336200001929,19.173660000002798,13.42156200000662
4.17,66.02853400001943,19.265620000002798,13.485934000006674
4.18,66.34446000001958,19.357800000002797,13.550460000006728
4.19,66.66114000001973,19.450200000002795,13.615140000006782
4.2,66.97857400001988,19.54282000000279,13.679974000006837
4.21,67.29676200002002,19.635660000002787,13.744962000006892
4.22,67.61570400002017,19.72872000000278,13.810104000006946
4.23,67.93540000002032,19.822000000002774,13.875400000007001
4.24,68.25585000002047,19.915500000002766,13.940850000007057
4.25,68.57705400002062,20.009220000002756,14.006454000007112
4.26,68.89901200002078,20.103160000002745,14.072212000007168
4.2700000000000005,69.22172400002093,20.197320000002733,14.138124000007224
4.28,69.54519000002108,20.29170000000272,14.20419000000728
4.29,69.86941000002123,20.386300000002706,14.270410000007336
4.3,70.19438400002139,20.48112000000269,14.336784000007393
4.3100000000000005,70.52011200002154,20.576160000002673,14.40331200000745
4.32,70.8465940000217,20.671420000002655,14.469994000007507
4.33,71.17383000002185,20.766900000002636,14.536830000007564
4.34,71.50182000002201,20.862600000002615,14.603820000007621
4.3500000000000005,71.83056400002216,20.958520000002594,14.670964000007679
4.36,72.16006200002232,21.05466000000257,14.738262000007737
4.37,72.49031400002248,21.151020000002546,14.805714000007795
4.38,72.82132000002264,21.24760000000252,14.873320000007853
4.39,73.1530800000228,21.344400000002494,14.941080000007911
4.4,73.48559400002296,21.441420000002466,15.00899400000797
4.41,73.81886200002312,21.538660000002437,15.077062000008029
4.42,74.15288400002328,21.636120000002407,15.145284000008088
4.43,74.48766000002344,21.733800000002375,15.213660000008147
4.44,74.8231900000236,21.831700000002343,15.282190000008207
4.45,75.15947400002376,21.92982000000231,15.350874000008266
4.46,75.49651200002393,22.028160000002273,15.419712000008326
4.47,75.83430400002409,22.126720000002237,15.488704000008386
4.48,76.17285000002425,22.2255000000022,15.557850000008447
4.49,76.51215000002442,22.32450000000216,15.627150000008507
4.5,76.85220400002459,22.42372000000212,15.696604000008568
4.51,77.19301200002475,22.52316000000208,15.766212000008629
4.5200000000000005,77.53457400002492,22.622820000002037,15.83597400000869
4.53,77.87689000002509,22.722700000001993,15.905890000008752
4.54,78.21996000002525,22.822800000001948,15.975960000008813
4.55,78.56378400002542,22.9231200000019,16.046184000008875
4.5600000000000005,78.90836200002559,23.023660000001854,16.116562000008937
4.57,79.25369400002576,23.124420000001805,16.187094000008997
4.58,79.59978000002593,23.225400000001756,16.257780000009056
4.59,79.9466200000261,23.326600000001704,16.328620000009114
4.6000000000000005,80.29421400002627,23.428020000001652,16.39961400000917
4.61,80.64256200002644,23.5296600000016,16.470762000009223
4.62,80.99166400002662,23.631520000001544,16.542064000009276
4.63,81.34152000002679,23.733600000001488,16.613520000009327
4.64,81.69213000002696,23.83590000000143,16.685130000009377
4.65,82.04349400002714,23.938420000001372,16.756894000009424
4.66,82.39561200002731,24.041160000001312,16.82881200000947
4.67,82.74848400002749,24.14412000000125,16.900884000009516
4.68,83.10211000002766,24.24730000000119,16.97311000000956
4.69,83.45649000002784,24.350700000001126,17.0454900000096
4.7,83.81162400002802,24.45432000000106,17.11802400000964
4.71,84.1675120000282,24.558160000000996,17.19071200000968
4.72,84.52415400002837,24.66222000000093,17.263554000009716
4.73,84.88155000002855,24.76650000000086,17.33655000000975
4.74,85.23970000002873,24.87100000000079,17.409700000009785
4.75,85.59860400002891,24.97572000000072,17.483004000009817
4.76,85.9582620000291,25.08066000000065,17.556462000009848
4.7700000000000005,86.31867400002928,25.185820000000575,17.630074000009877
4.78,86.67984000002946,25.2912000000005,17.703840000009905
4.79,87.04176000002964,25.396800000000425,17.77776000000993
4.8,87.40443400002982,25.50262000000035,17.851834000009955
4.8100000000000005,87.76786200003001,25.60866000000027,17.926062000009978
4.82,88.13204400003019,25.71492000000019,18.00044400001
4.83,88.49698000003038,25.82140000000011,18.07498000001002
4.84,88.86267000003056,25.92810000000003,18.149670000010037
4.8500000000000005,89.22911400003075,26.035019999999946,18.224514000010053
4.86,89.59631200003093,26.142159999999862,18.29951200001007
4.87,89.96426400003112,26.249519999999777,18.374664000010082
4.88,90.33297000003131,26.35709999999969,18.449970000010094
4.89,90.7024300000315,26.464899999999602,18.525430000010104
4.9,91.07264400003169,26.572919999999513,18.601044000010113
4.91,91.44361200003188,26.681159999999423,18.67681200001012
4.92,91.81533400003207,26.78961999999933,18.752734000010125
4.93,92.18781000003226,26.89829999999924,18.82881000001013
4.94,92.56104000003245,27.007199999999145,18.905040000010132
4.95,92.93502400003264,27.11631999999905,18.981424000010133
4.96,93.30976200003283,27.225659999998953,19.057962000010132
4.97,93.68525400003303,27.335219999998856,19.13465400001013
4.98,94.06150000003322,27.444999999998757,19.211500000010126
4.99,94.43850000003341,27.554999999998657,19.28850000001012
5,94.81625400003361,27.665219999998556,19.365654000010114
5.01,95.1947620000338,27.775659999998453,19.442962000010105
5.0200000000000005,95.574024000034,27.88631999999835,19.520424000010095
5.03,95.9540400000342,27.997199999998244,19.598040000010084
5.04,96.3348100000344,28.108299999998138,19.67581000001007
5.05,96.71633400003459,28.21961999999803,19.753734000010056
5.0600000000000005,97.09861200003479,28.331159999997922,19.83181200001004
5.07,97.48164400003499,28.442919999997812,19.91004400001002
5.08,97.86543000003519,28.5548999999977,19.988430000010002
5.09,98.24997000003539,28.66709999999759,20.06697000000998
5.1000000000000005,98.63526400003559,28.779519999997476,20.14566400000996
5.11,99.02131200003579,28.89215999999736,20.224512000009934
5.12,99.408114000036,29.005019999997245,20.30351400000991
5.13,99.7956700000362,29.118099999997128,20.38267000000988
5.14,100.1839800000364,29.23139999999701,20.461980000009852
5.15,100.5730440000366,29.34491999999689,20.54144400000982
5.16,100.96286200003681,29.45865999999677,20.62106200000979
5.17,101.35343400003701,29.572619999996647,20.700834000009756
5.18,101.74476000003722,29.686799999996524,20.78076000000972
5.19,102.13684000003742,29.8011999999964,20.860840000009684
5.2,102.52967400003763,29.915819999996273,20.941074000009646
5.21,102.92326200003784,30.030659999996146,21.021462000009606
5.22,103.31760400003805,30.145719999996018,21.102004000009565
5.23,103.71270000003825,30.26099999999589,21.182700000009522
5.24,104.10855000003846,30.376499999995758,21.263550000009477
5.25,104.50515400003867,30.492219999995626,21.34455400000943
5.26,104.90251200003888,30.608159999995493,21.425712000009383
5.2700000000000005,105.3006240000391,30.72431999999536,21.507024000009334
5.28,105.6994900000393,30.840699999995223,21.588490000009283
5.29,106.09911000003952,30.957299999995087,21.67011000000923
5.3,106.49948400003973,31.07411999999495,21.751884000009177
5.3100000000000005,106.90061200003994,31.19115999999481,21.83381200000912
5.32,107.30249400004016,31.30841999999467,21.915894000009065
5.33,107.70513000004037,31.425899999994527,21.998130000009006
5.34,108.10852000004058,31.543599999994385,22.080520000008946
5.3500000000000005,108.5126640000408,31.66151999999424,22.163064000008884
5.36,108.91756200004102,31.779659999994095,22.24576200000882
5.37,109.32321400004123,31.89801999999395,22.328614000008756
5.38,109.72962000004145,32.0165999999938,22.41162000000869
5.39,110.13678000004167,32.13539999999365,22.49478000000862
5.4,110.54469400004189,32.2544199999935,22.57809400000855
5.41,110.9533620000421,32.37365999999335,22.66156200000848
5.42,111.36278400004232,32.4931199999932,22.745184000008408
5.43,111.77296000004254,32.612799999993044,22.828960000008333
5.44,112.18389000004277,32.73269999999289,22.912890000008257
5.45,112.59557400004299,32.85281999999273,22.99697400000818
5.46,113.00801200004321,32.973159999992575,23.0812120000081
5.47,113.42120400004343,33.093719999992416,23.16560400000802
5.48,113.83515000004365,33.214499999992256,23.250150000007938
5.49,114.24985000004388,33.335499999992095,23.334850000007854
5.5,114.6653040000441,33.45671999999193,23.41970400000777
5.51,115.08151200004433,33.57815999999177,23.504712000007682
5.5200000000000005,115.49847400004455,33.699819999991604,23.589874000007594
5.53,115.91619000004478,33.82169999999144,23.675190000007504
5.54,116.334660000045,33.94379999999127,23.760660000007412
5.55,116.75388400004523,34.0661199999911,23.84628400000732
5.5600000000000005,117.17386200004546,34.18865999999093,23.932062000007225
5.57,117.59459400004569,34.31141999999076,24.01799400000713
5.58,118.01608000004592,34.43439999999059,24.10408000000703
5.59,118.43832000004615,34.557599999990416,24.19032000000693
5.6000000000000005,118.86131400004638,34.68101999999024,24.27671400000683
5.61,119.28506200004661,34.804659999990065,24.363262000006728
5.62,119.70956400004684,34.92851999998989,24.449964000006624
5.63,120.13482000004707,35.05259999998971,24.536820000006518
5.64,120.5608300000473,35.17689999998953,24.62383000000641
5.65,120.98759400004754,35.30141999998935,24.710994000006302
5.66,121.41511200004777,35.42615999998917,24.79831200000619
5.67,121.843384000048,35.551119999988984,24.88578400000608
5.68,122.27241000004824,35.6762999999888,24.973410000005966
5.69,122.70219000004847,35.801699999988614,25.06119000000585
5.7,123.13272400004871,35.92731999998843,25.149124000005735
5.71,123.56401200004895,36.05315999998824,25.237212000005616
5.72,123.99605400004918,36.17921999998805,25.325454000005497
5.73,124.42885000004942,36.30549999998786,25.413850000005375
5.74,124.86240000004966,36.43199999998767,25.502400000005252
5.75,125.2967040000499,36.558719999987474,25.591104000005128
5.76,125.73176200005014,36.68565999998728,25.679962000005002
5.7700000000000005,126.16757400005038,36.812819999987084,25.768974000004874
5.78,126.60414000005062,36.94019999998689,25.858140000004745
5.79,127.04146000005086,37.06779999998669,25.947460000004614
5.8,127.4795340000511,37.19561999998649,26.036934000004482
5.8100000000000005,127.91836200005135,37.32365999998629,26.12656200000435
5.82,128.3579440000516,37.45191999998609,26.216344000004213
5.83,128.79828000005185,37.580399999985886,26.306280000004076
5.84,129.2393700000521,37.70909999998568,26.396370000003937
5.8500000000000005,129.68121400005236,37.83801999998548,26.486614000003797
5.86,130.12381200005262,37.96715999998527,26.577012000003656
5.87,130.56716400005288,38.09651999998506,26.667564000003512
5.88,131.01127000005314,38.226099999984854,26.758270000003368
5.89,131.4561300000534,38.35589999998464,26.84913000000322
5.9,131.90174400005367,38.48591999998443,26.940144000003073
5.91,132.34811200005393,38.61615999998422,27.031312000002924
5.92,132.7952340000542,38.746619999984006,27.122634000002773
5.93,133.24311000005446,38.87729999998379,27.21411000000262
5.94,133.69174000005472,39.008199999983574,27.305740000002466
5.95,134.141124000055,39.13931999998336,27.39752400000231
5.96,134.59126200005525,39.27065999998314,27.489462000002153
5.97,135.04215400005552,39.40221999998292,27.581554000001994
5.98,135.49380000005578,39.5339999999827,27.673800000001833
5.99,135.94620000005605,39.665999999982475,27.76620000000167
6,136.39935400005632,39.79821999998225,27.858754000001507
6.01,136.8532620000566,39.930659999982026,27.951462000001342
6.0200000000000005,137.30792400005686,40.0633199999818,28.044324000001176
6.03,137.76334000005713,40.19619999998157,28.137340000001007
6.04,138.2195100000574,40.329299999981345,28.230510000000837
6.05,138.67643400005767,40.462619999981115,28.323834000000666
6.0600000000000005,139.13411200005794,40.596159999980884,28.417312000000493
6.07,139.5925440000582,40.72991999998065,28.51094400000032
6.08,140.05173000005848,40.86389999998042,28.604730000000142
6.09,140.51167000005876,40.998099999980184,28.698669999999964
6.1000000000000005,140.97236400005903,41.13251999997995,28.792763999999785
6.11,141.4338120000593,41.26715999997971,28.887011999999604
6.12,141.89601400005958,41.40201999997947,28.981413999999422
6.13,142.35897000005986,41.53709999997923,29.075969999999238
6.140000000000001,142.82268000006013,41.67239999997899,29.170679999999052
6.15,143.2871440000604,41.80791999997875,29.265543999998865
6.16,143.75236200006069,41.94365999997851,29.360561999998676
6.17,144.21833400006096,42.07961999997826,29.455733999998486
6.18,144.68506000006124,42.21579999997802,29.551059999998294
6.19,145.15254000006152,42.35219999997777,29.6465399999981
6.2,145.6207740000618,42.48881999997752,29.742173999997906
6.21,146.08976200006208,42.62565999997727,29.83796199999771
6.22,146.55950400006236,42.76271999997702,29.93390399999751
6.23,147.03000000006264,42.89999999997677,30.02999999999731
6.24,147.50125000006292,43.03749999997652,30.12624999999711
6.25,147.9732540000632,43.175219999976264,30.222653999996908
6.26,148.4460120000635,43.31315999997601,30.319211999996703
6.2700000000000005,148.91952400006377,43.45131999997575,30.415923999996497
6.28,149.39379000006406,43.589699999975494,30.51278999999629
6.29,149.86881000006434,43.728299999975235,30.60980999999608
6.3,150.34458400006463,43.867119999974975,30.70698399999587
6.3100000000000005,150.82111200006491,44.00615999997471,30.804311999995658
6.32,151.2983940000652,44.14541999997445,30.901793999995444
6.33,151.7764300000655,44.284899999974186,30.99942999999523
6.34,152.25522000006578,44.42459999997392,31.097219999995012
6.3500000000000005,152.73476400006606,44.564519999973655,31.195163999994794
6.36,153.21506200006635,44.70465999997339,31.293261999994574
6.37,153.69611400006664,44.84501999997312,31.391513999994352
6.38,154.17792000006693,44.98559999997285,31.48991999999413
6.390000000000001,154.66048000006722,45.12639999997258,31.588479999993904
6.4,155.14379400006752,45.267419999972304,31.687193999993678
6.41,155.6278620000678,45.40865999997203,31.78606199999345
6.42,156.1126840000681,45.550119999971756,31.88508399999322
6.43,156.5982600000684,45.69179999997148,31.98425999999299
6.44,157.0845900000687,45.8336999999712,32.08358999999276
6.45,157.57167400006898,45.97581999997092,32.18307399999254
6.46,158.05951200006928,46.11815999997064,32.282711999992316
6.47,158.54810400006957,46.26071999997036,32.382503999992096
6.48,159.03745000006987,46.40349999997008,32.48244999999188
6.49,159.52755000007016,46.5464999999698,32.58254999999166
6.5,160.01840400007046,46.68971999996951,32.68280399999145
6.51,160.51001200007076,46.833159999969226,32.78321199999124
6.5200000000000005,161.00237400007106,46.97681999996894,32.88377399999103
6.53,161.49549000007136,47.12069999996865,32.98448999999082
6.54,161.98936000007166,47.26479999996836,33.085359999990615
6.55,162.48398400007196,47.40911999996807,33.18638399999041
6.5600000000000005,162.97936200007226,47.55365999996778,33.28756199999021
6.57,163.47549400007256,47.698419999967484,33.38889399999001
6.58,163.97238000007286,47.84339999996719,33.49037999998981
6.59,164.47002000007316,47.988599999966894,33.59201999998962
6.6000000000000005,164.96841400007347,48.1340199999666,33.69381399998942
6.61,165.46756200007377,48.2796599999663,33.79576199998923
6.62,165.96746400007407,48.425519999966,33.89786399998904
6.63,166.46812000007438,48.5715999999657,34.000119999988854
6.640000000000001,166.96953000007468,48.7178999999654,34.10252999998867
6.65,167.471694000075,48.864419999965094,34.205093999988485
6.66,167.9746120000753,49.01115999996479,34.3078119999883
6.67,168.4782840000756,49.158119999964484,34.41068399998812
6.68,168.9827100000759,49.30529999996418,34.513709999987945
6.69,169.48789000007622,49.45269999996387,34.61688999998777
6.7,169.99382400007653,49.60031999996356,34.720223999987596
6.71,170.50051200007684,49.74815999996325,34.823711999987424
6.72,171.00795400007715,49.89621999996294,34.927353999987254
6.73,171.51615000007746,50.044499999962625,35.031149999987086
6.74,172.02510000007777,50.19299999996231,35.13509999998692
6.75,172.53480400007808,50.341719999961995,35.239203999986756
6.76,173.0452620000784,50.49065999996168,35.343461999986594
6.7700000000000005,173.5564740000787,50.63981999996136,35.447873999986435
6.78,174.06844000007902,50.78919999996104,35.55243999998628
6.79,174.58116000007934,50.93879999996072,35.65715999998612
6.8,175.09463400007965,51.0886199999604,35.76203399998597
6.8100000000000005,175.60886200007997,51.23865999996008,35.867061999985815
6.82,176.12384400008028,51.388919999959754,35.972243999985665
6.83,176.6395800000806,51.53939999995943,36.07757999998552
6.84,177.15607000008092,51.6900999999591,36.18306999998537
6.8500000000000005,177.67331400008123,51.841019999958775,36.28871399998523
6.86,178.19131200008155,51.992159999958446,36.394511999985085
6.87,178.71006400008187,52.143519999958116,36.500463999984945
6.88,179.2295700000822,52.295099999957785,36.606569999984806
6.890000000000001,179.7498300000825,52.44689999995745,36.71282999998467
6.9,180.27084400008283,52.59891999995712,36.819243999984536
6.91,180.79261200008315,52.75115999995678,36.925811999984404
6.92,181.31513400008348,52.90361999995645,37.032533999984274
6.93,181.8384100000838,53.05629999995611,37.139409999984146
6.94,182.36244000008412,53.20919999995577,37.24643999998402
6.95,182.88722400008444,53.36231999995543,37.353623999983895
6.96,183.41276200008477,53.51565999995509,37.46096199998377
6.97,183.9390540000851,53.66921999995475,37.56845399998365
6.98,184.46610000008542,53.822999999954405,37.676099999983535
6.99,184.99390000008574,53.97699999995406,37.78389999998342
7,185.52245400008607,54.131219999953714,37.891853999983304
7.01,186.0517620000864,54.28565999995337,37.99996199998319
7.0200000000000005,186.58182400008673,54.44031999995302,38.10822399998308
7.03,187.11264000008705,54.59519999995267,38.216639999982974
7.04,187.64421000008738,54.75029999995232,38.32520999998287
7.05,188.1765340000877,54.905619999951966,38.43393399998276
7.0600000000000005,188.70961200008804,55.06115999995161,38.54281199998266
7.07,189.24344400008837,55.21691999995126,38.65184399998256
7.08,189.7780300000887,55.3728999999509,38.76102999998246
7.09,190.31337000008904,55.529099999950546,38.870369999982366
7.1000000000000005,190.84946400008937,55.68551999995019,38.97986399998227
7.11,191.3863120000897,55.84215999994983,39.08951199998218
7.12,191.92391400009004,55.99901999994947,39.19931399998209
7.13,192.46227000009037,56.156099999949106,39.309269999982
7.140000000000001,193.0013800000907,56.31339999994874,39.41937999998191
7.15,193.54124400009104,56.47091999994838,39.52964399998183
7.16,194.08186200009138,56.62865999994801,39.64006199998175
7.17,194.6232340000917,56.786619999947646,39.750633999981666
7.18,195.16536000009205,56.94479999994728,39.86135999998159
7.19,195.7082400000924,57.10319999994691,39.97223999998151
7.2,196.25187400009273,57.26181999994654,40.08327399998144
7.21,196.79626200009307,57.42065999994617,40.194461999981364
7.22,197.3414040000934,57.579719999945794,40.30580399998129
7.23,197.88730000009375,57.73899999994542,40.417299999981225
7.24,198.4339500000941,57.898499999945045,40.52894999998116
7.25,198.98135400009443,58.05821999994467,40.640753999981094
7.26,199.52951200009477,58.21815999994429,40.75271199998103
7.2700000000000005,200.0784240000951,58.37831999994391,40.86482399998097
7.28,200.62809000009545,58.53869999994353,40.97708999998091
7.29,201.1785100000958,58.69929999994315,41.089509999980855
7.3,201.72968400009614,58.86011999994277,41.2020839999808
7.3100000000000005,202.2816120000965,59.021159999942384,41.31481199998075
7.32,202.83429400009683,59.182419999942,41.4276939999807
7.33,203.38773000009718,59.34389999994161,41.54072999998065
7.34,203.94192000009753,59.505599999941225,41.6539199999806
7.3500000000000005,204.49686400009787,59.667519999940836,41.76726399998056
7.36,205.05256200009822,59.829659999940446,41.880761999980514
7.37,205.60901400009857,59.992019999940055,41.99441399998047
7.38,206.16622000009892,60.15459999993966,42.108219999980435
7.390000000000001,206.72418000009927,60.31739999993927,42.2221799999804
7.4,207.28289400009962,60.480419999938874,42.33629399998036
7.41,207.84236200009997,60.64365999993848,42.45056199998033
7.42,208.40258400010032,60.80711999993808,42.5649839999803
7.43,208.96356000010067,60.97079999993768,42.67955999998027
7.44,209.52529000010102,61.13469999993728,42.79428999998024
7.45,210.08777400010138,61.29881999993688,42.90917399998022
7.46,210.65101200010173,61.46315999993648,43.024211999980196
7.47,211.21500400010208,61.627719999936076,43.139403999980175
7.48,211.77975000010244,61.79249999993567,43.254749999980156
7.49,212.3452500001028,61.957499999935266,43.37024999998014
7.5,212.91150400010315,62.12271999993486,43.485903999980124
7.51,213.4785120001035,62.28815999993445,43.60171199998011
7.5200000000000005,214.04627400010386,62.45381999993404,43.7176739999801
7.53,214.61479000010422,62.61969999993363,43.83378999998009
7.54,215.18406000010458,62.78579999993322,43.950059999980084
7.55,215.75408400010494,62.952119999932805,44.06648399998008
7.5600000000000005,216.3248620001053,63.11865999993239,44.183061999980076
7.57,216.89639400010566,63.285419999931975,44.299793999980075
7.58,217.46868000010602,63.45239999993156,44.416679999980076
7.59,218.04172000010638,63.61959999993114,44.53371999998008
7.6000000000000005,218.61551400010674,63.78701999993072,44.650913999980084
7.61,219.1900620001071,63.9546599999303,44.76826199998009
7.62,219.76536400010747,64.12251999992988,44.8857639999801
7.63,220.34142000010783,64.29059999992946,45.00341999998011
7.640000000000001,220.9182300001082,64.45889999992903,45.12122999998012
7.65,221.49579400010856,64.6274199999286,45.23919399998014
7.66,222.07411200010893,64.79615999992818,45.357311999980155
7.67,222.6531840001093,64.96511999992775,45.475583999980174
7.68,223.23301000010966,65.13429999992732,45.594009999980194
7.69,223.81359000011003,65.30369999992689,45.71258999998022
7.7,224.3949240001104,65.47331999992646,45.83132399998024
7.71,224.97701200011076,65.64315999992603,45.95021199998027
7.72,225.55985400011113,65.8132199999256,46.0692539999803
7.73,226.1434500001115,65.98349999992516,46.18844999998033
7.74,226.72780000011187,66.15399999992472,46.30779999998036
7.75,227.31290400011224,66.32471999992428,46.427303999980396
7.76,227.8987620001126,66.49565999992384,46.54696199998043
7.7700000000000005,228.48537400011298,66.6668199999234,46.66677399998047
7.78,229.07274000011336,66.83819999992296,46.78673999998051
7.79,229.66086000011373,67.00979999992252,46.906859999980554
7.8,230.2497340001141,67.18161999992208,47.0271339999806
7.8100000000000005,230.83936200011448,67.35365999992163,47.147561999980645
7.82,231.42974400011485,67.52591999992119,47.268143999980694
7.83,232.02088000011523,67.69839999992074,47.388879999980745
7.84,232.6127700001156,67.87109999992029,47.5097699999808
7.8500000000000005,233.20541400011598,68.04401999991984,47.63081399998085
7.86,233.79881200011636,68.21715999991939,47.75201199998091
7.87,234.39296400011673,68.39051999991894,47.87336399998097
7.88,234.9878700001171,68.56409999991848,47.99486999998103
7.890000000000001,235.5835300001175,68.73789999991803,48.11652999998109
7.9,236.17994400011787,68.91191999991757,48.238343999981154
7.91,236.77711200011825,69.08615999991711,48.36031199998122
7.92,237.37503400011863,69.26061999991666,48.48243399998129
7.930000000000001,237.973710000119,69.4352999999162,48.60470999998136
7.94,238.5731400001194,69.61019999991574,48.72713999998143
7.95,239.17332400011978,69.78531999991527,48.84972399998151
7.96,239.77426200012016,69.96065999991481,48.97246199998158
7.97,240.37595400012054,70.13621999991435,49.09535399998166
7.98,240.97840000012093,70.31199999991388,49.21839999998174
7.99,241.5816000001213,70.48799999991341,49.341599999981824
8,242.1855540001217,70.66421999991294,49.46495399998191
8.01,242.79026200012208,70.84065999991248,49.588461999981995
8.02,243.39572400012247,71.017319999912,49.71212399998208
8.03,244.00194000012286,71.19419999991153,49.83593999998217
8.040000000000001,244.60891000012325,71.37129999991106,49.959909999982266
8.05,245.21663400012363,71.54861999991058,50.08403399998236
8.06,245.82511200012402,71.72615999991011,50.208311999982456
8.07,246.4343440001244,71.90391999990963,50.332743999982554
8.08,247.0443300001248,72.08189999990915,50.457329999982655
8.09,247.6550700001252,72.26009999990868,50.58206999998276
8.1,248.26656400012558,72.4385199999082,50.70696399998286
8.11,248.87881200012598,72.61715999990771,50.83201199998297
8.120000000000001,249.49181400012637,72.79601999990723,50.957213999983075
8.13,250.10557000012676,72.97509999990675,51.082569999983185
8.14,250.72008000012715,73.15439999990626,51.2080799999833
8.15,251.33534400012755,73.33391999990577,51.33374399998341
8.16,251.95136200012794,73.51365999990529,51.45956199998353
8.17,252.56813400012834,73.6936199999048,51.585533999983646
8.18,253.18566000012873,73.8737999999043,51.711659999983766
8.19,253.80394000012913,74.05419999990382,51.83793999998389
8.2,254.42297400012953,74.23481999990332,51.96437399998401
8.21,255.04276200012993,74.41565999990283,52.09096199998414
8.22,255.66330400013032,74.59671999990233,52.217703999984266
8.23,256.2846000001307,74.77799999990184,52.344599999984396
8.24,256.90665000013104,74.95949999990134,52.47164999998453
8.25,257.52945400013135,75.14121999990084,52.59885399998466
8.26,258.15301200013164,75.32315999990034,52.7262119999848
8.27,258.7773240001319,75.50531999989984,52.853723999984936
8.28,259.40239000013213,75.68769999989934,52.981389999985076
8.290000000000001,260.02821000013233,75.87029999989883,53.10920999998522
8.3,260.6547840001325,76.05311999989833,53.23718399998536
8.31,261.28211200013266,76.23615999989782,53.36531199998551
8.32,261.9101940001328,76.41941999989731,53.493593999985656
8.33,262.53903000013287,76.6028999998968,53.622029999985806
8.34,263.16862000013293,76.7865999998963,53.75061999998596
8.35,263.79896400013297,76.97051999989579,53.87936399998611
8.36,264.430062000133,77.15465999989527,54.00826199998627
8.370000000000001,265.06191400013296,77.33901999989476,54.137313999986425
8.38,265.6945200001329,77.52359999989424,54.266519999986585
8.39,266.32788000013284,77.70839999989373,54.39587999998675
8.4,266.96199400013273,77.89341999989321,54.52539399998691
8.41,267.5968620001326,78.0786599998927,54.655061999987076
8.42,268.23248400013244,78.26411999989217,54.784883999987244
8.43,268.86886000013226,78.44979999989165,54.914859999987414
8.44,269.50599000013204,78.63569999989113,55.044989999987585
8.45,270.1438740001318,78.82181999989061,55.17527399998776
8.46,270.78251200013153,79.00815999989008,55.305711999987935
8.47,271.42190400013124,79.19471999988956,55.43630399998811
8.48,272.0620500001309,79.38149999988903,55.56704999998829
8.49,272.70295000013056,79.5684999998885,55.697949999988474
8.5,273.3446040001302,79.75571999988797,55.82900399998866
8.51,273.98701200012977,79.94315999988744,55.96021199998884
8.52,274.63017400012933,80.13081999988691,56.09157399998903
8.53,275.27409000012887,80.31869999988638,56.22308999998922
8.540000000000001,275.9187600001284,80.50679999988584,56.35475999998941
8.55,276.56418400012785,80.6951199998853,56.486583999989605
8.56,277.2103620001273,80.88365999988477,56.6185619999898
8.57,277.8572940001267,81.07241999988423,56.75069399999
8.58,278.5049800001261,81.2613999998837,56.8829799999902
8.59,279.1534200001255,81.45059999988315,57.0154199999904
8.6,279.80261400012483,81.64001999988261,57.1480139999906
8.61,280.45256200012415,81.82965999988207,57.28076199999081
8.620000000000001,281.10326400012343,82.01951999988152,57.413663999991016
8.63,281.7547200001227,82.20959999988098,57.546719999991225
8.64,282.4069300001219,82.39989999988043,57.67992999999144
8.65,283.0598940001211,82.59041999987988,57.81329399999165
8.66,283.7136120001203,82.78115999987934,57.946811999991866
8.67,284.36808400011944,82.97211999987879,58.08048399999208
8.68,285.02331000011856,83.16329999987823,58.2143099999923
8.69,285.67929000011765,83.35469999987768,58.348289999992524
8.700000000000001,286.3360240001167,83.54631999987713,58.48242399999275
8.71,286.99351200011574,83.73815999987657,58.61671199999297
8.72,287.65175400011475,83.93021999987602,58.7511539999932
8.73,288.3107500001137,84.12249999987546,58.88574999999343
8.74,288.9705000001127,84.3149999998749,59.02049999999366
8.75,289.6310040001116,84.50771999987434,59.155403999993894
8.76,290.2922620001105,84.70065999987378,59.29046199999413
8.77,290.95427400010936,84.89381999987322,59.425673999994366
8.78,291.6170400001082,85.08719999987265,59.561039999994605
8.790000000000001,292.280560000107,85.28079999987209,59.69655999999485
8.8,292.9448340001058,85.47461999987152,59.83223399999509
8.81,293.60986200010456,85.66865999987095,59.968061999995335
8.82,294.2756440001033,85.86291999987039,60.10404399999558
8.83,294.942180000102,86.05739999986982,60.24017999999583
8.84,295.60947000010066,86.25209999986924,60.37646999999608
8.85,296.2775140000993,86.44701999986867,60.512913999996336
8.86,296.9463120000979,86.6421599998681,60.64951199999659
8.870000000000001,297.6158640000965,86.83751999986752,60.78626399999685
8.88,298.28617000009507,87.03309999986695,60.92316999999711
8.89,298.9572300000936,87.22889999986637,61.06022999999737
8.9,299.6290440000921,87.42491999986579,61.19744399999763
8.91,300.3016120000906,87.62115999986521,61.334811999997896
8.92,300.97493400008904,87.81761999986463,61.47233399999816
8.93,301.64901000008746,88.01429999986405,61.61000999999843
8.94,302.32384000008585,88.21119999986347,61.7478399999987
8.950000000000001,302.9994240000842,88.40831999986288,61.885823999998976
8.96,303.67576200008256,88.6056599998623,62.02396199999925
8.97,304.35285400008087,88.80321999986171,62.16225399999953
8.98,305.03070000007915,89.00099999986112,62.30069999999981
8.99,305.7093000000774,89.19899999986053,62.43930000000009
9,306.38865400007563,89.39721999985994,62.57805400000037
9.01,307.06876200007383,89.59565999985935,62.716962000000656
9.02,307.749624000072,89.79431999985876,62.85602400000094
9.03,308.43124000007015,89.99319999985816,62.99524000000123
9.040000000000001,309.11361000006826,90.19229999985757,63.13461000000152
9.05,309.79673400006635,90.39161999985697,63.274134000001816
9.06,310.4806120000644,90.59115999985637,63.41381200000211
9.07,311.16524400006244,90.79091999985577,63.55364400000241
9.08,311.85063000006045,90.99089999985517,63.693630000002706
9.09,312.5367700000584,91.19109999985457,63.83377000000301
9.1,313.2236640000564,91.39151999985397,63.97406400000331
9.11,313.9113120000543,91.59215999985337,64.11451200000361
9.120000000000001,314.5997140000522,91.79301999985276,64.25511400000391
9.13,315.28887000005005,91.99409999985215,64.39587000000421
9.14,315.9787800000479,92.19539999985155,64.5367800000045
9.15,316.6694440000457,92.39691999985094,64.67784400000478
9.16,317.3608620000435,92.59865999985033,64.81906200000506
9.17,318.05303400004124,92.80061999984972,64.96043400000534
9.18,318.74596000003896,93.0027999998491,65.1019600000056
9.19,319.43964000003666,93.20519999984849,65.24364000000587
9.200000000000001,320.13407400003433,93.40781999984787,65.38547400000613
9.21,320.829262000032,93.61065999984726,65.52746200000638
9.22,321.5252040000296,93.81371999984664,65.66960400000663
9.23,322.2219000000272,94.01699999984602,65.81190000000687
9.24,322.91935000002474,94.2204999998454,65.95435000000711
9.25,323.61755400002227,94.42421999984478,66.09695400000734
9.26,324.31651200001977,94.62815999984416,66.23971200000757
9.27,325.01622400001725,94.83231999984353,66.3826240000078
9.28,325.7166900000147,95.03669999984291,66.52569000000801
9.290000000000001,326.4179100000121,95.24129999984228,66.66891000000822
9.3,327.1198840000095,95.44611999984166,66.81228400000843
9.31,327.82261200000687,95.65115999984103,66.95581200000863
9.32,328.5260940000042,95.8564199998404,67.09949400000883
9.33,329.2303300000015,96.06189999983977,67.24333000000902
9.34,329.9353199999988,96.26759999983913,67.38732000000921
9.35,330.64106399999605,96.4735199998385,67.5314640000094
9.36,331.3475619999933,96.67965999983787,67.67576200000957
9.370000000000001,332.0548139999905,96.88601999983723,67.82021400000974
9.38,332.76281999998764,97.0925999998366,67.96482000000991
9.39,333.4715799999848,97.29939999983596,68.10958000001007
9.4,334.1810939999819,97.50641999983532,68.25449400001023
9.41,334.891361999979,97.71365999983468,68.39956200001038
9.42,335.60238399997604,97.92111999983403,68.54478400001052
9.43,336.31415999997307,98.12879999983339,68.69016000001066
9.44,337.0266899999701,98.33669999983275,68.8356900000108
9.450000000000001,337.73997399996705,98.5448199998321,68.98137400001093
9.46,338.454011999964,98.75315999983145,69.12721200001106
9.47,339.1688039999609,98.9617199998308,69.27320400001118
9.48,339.8843499999578,99.17049999983016,69.41935000001129
9.49,340.60064999995467,99.3794999998295,69.5656500000114
9.5,341.3177039999515,99.58871999982885,69.71210400001151
9.51,342.0355119999483,99.7981599998282,69.85871200001161
9.52,342.7540739999451,100.00781999982755,70.0054740000117
9.53,343.47338999994184,100.21769999982689,70.15239000001179
9.540000000000001,344.19345999993857,100.42779999982623,70.29946000001188
9.55,344.91428399993526,100.63811999982558,70.44668400001196
9.56,345.63586199993193,100.84865999982492,70.59406200001203
9.57,346.3581939999286,101.05941999982426,70.7415940000121
9.58,347.0812799999252,101.2703999998236,70.88928000001216
9.59,347.80511999992177,101.48159999982293,71.03712000001222
9.6,348.52971399991833,101.69301999982227,71.18511400001228
9.61,349.25506199991486,101.9046599998216,71.33326200001233
9.620000000000001,349.98116399991136,102.11651999982094,71.48156400001237
9.63,350.70801999990783,102.32859999982027,71.63002000001241
9.64,351.4356299999043,102.5408999998196,71.77863000001244
9.65,352.1639939999007,102.75341999981893,71.92739400001247
9.66,352.8931119998971,102.96615999981826,72.07631200001249
9.67,353.62298399989345,103.17911999981759,72.22538400001251
9.68,354.3536099998898,103.39229999981691,72.37461000001252
9.69,355.0849899998861,103.60569999981624,72.52399000001253
9.700000000000001,355.81712399988237,103.81931999981556,72.67352400001253
9.71,356.5500119998786,104.03315999981488,72.82321200001253
9.72,357.28365399987484,104.2472199998142,72.97305400001252
9.73,358.01804999987104,104.46149999981353,73.12305000001251
9.74,358.7531999998672,104.67599999981284,73.2732000000125
9.75,359.48910399986335,104.89071999981216,73.42350400001247
9.76,360.22576199985946,105.10565999981148,73.57396200001244
9.77,360.96317399985554,105.3208199998108,73.72457400001241
9.78,361.7013399998516,105.53619999981011,73.87534000001237
9.790000000000001,362.4402599998476,105.75179999980942,74.02626000001233
9.8,363.1799339998436,105.96761999980873,74.17733400001228
9.81,363.9203619998396,106.18365999980804,74.32856200001223
9.82,364.66154399983554,106.39991999980735,74.47994400001217
9.83,365.40347999983146,106.61639999980666,74.6314800000121
9.84,366.14616999982735,106.83309999980597,74.78317000001203
9.85,366.8896139998232,107.05001999980527,74.93501400001196
9.86,367.63381199981905,107.26715999980458,75.08701200001188
9.870000000000001,368.37876399981485,107.48451999980388,75.2391640000118
9.88,369.12446999981063,107.70209999980318,75.39147000001171
9.89,369.8709299998064,107.91989999980248,75.54393000001161
9.9,370.6181439998021,108.13791999980178,75.69654400001151
9.91,371.3661119997978,108.35615999980108,75.84931200001141
9.92,372.11483399979346,108.57461999980038,76.0022340000113
9.93,372.8643099997891,108.79329999979967,76.15531000001118
9.94,373.6145399997847,109.01219999979897,76.30854000001106
9.950000000000001,374.3655239997803,109.23131999979826,76.46192400001094
9.96,375.11726199977585,109.45065999979755,76.61546200001081
9.97,375.8697539997714,109.67021999979684,76.76915400001067
9.98,376.6229999997669,109.88999999979613,76.92300000001053
9.99,377.37699999976235,110.10999999979542,77.07700000001039
